id,process_date,avg_price,min_price,max_price
1,20210102,17298000000000000000000,10000000000000000000000,25000000000000000000000
2,20210103,11874500000000000000000,12000000000000000000000,8999000000000000000000
3,20210104,10099800000000000000000,13000000000000000000000,8500000000000000000000
4,20210105,11399500000000000000000,13800000000000000000000,8999000000000000000000
5,20210106,17500000000000000000000,15000000000000000000000,20000000000000000000000
6,20210107,18779600000000000000000,15000000000000000000000,9999000000000000000000
7,20210108,15166000000000000000000,27500000000000000000000,8999000000000000000000
8,20210109,10225667000000000000000,12680000000000000000000,8999000000000000000000
9,20210110,9999667000000000000000,10000000000000000000000,7999000000000000000000
10,20210111,11349500000000000000000,13700000000000000000000,8999000000000000000000
11,20210112,11734750000000000000000,11940000000000000000000,7999000000000000000000
12,20210113,15433333000000000000000,16500000000000000000000,8000000000000000000000
13,20210114,11944000000000000000000,15000000000000000000000,8888000000000000000000
14,20210115,8886000000000000000000,8886000000000000000000,8886000000000000000000
15,20210116,12689400000000000000000,12500000000000000000000,9999000000000000000000
16,20210117,10312286000000000000000,10000000000000000000000,8888000000000000000000
17,20210118,17999833000000000000000,12000000000000000000000,9999000000000000000000
18,20210119,10075000000000000000000,10000000000000000000000,9000000000000000000000
19,20210120,13712692000000000000000,10000000000000000000000,9000000000000000000000
20,20210121,8200000000000000000000,8000000000000000000000,8500000000000000000000
21,20210122,9914000000000000000000,13400000000000000000000,8998000000000000000000
22,20210123,10190667000000000000000,12000000000000000000000,9200000000000000000000
23,20210124,12224500000000000000000,15900000000000000000000,8998000000000000000000
24,20210125,13999667000000000000000,10000000000000000000000,18000000000000000000000
25,20210126,11840000000000000000000,10000000000000000000000,7000000000000000000000
26,20210127,12037250000000000000000,16600000000000000000000,8999000000000000000000
27,20210128,9419800000000000000000,12000000000000000000000,8999000000000000000000
28,20210129,14123750000000000000000,11995000000000000000000,20000000000000000000000
29,20210130,12498750000000000000000,10000000000000000000000,8999000000000000000000
30,20210131,13300000000000000000000,10000000000000000000000,16200000000000000000000
31,20210201,9619400000000000000000,13000000000000000000000,8999000000000000000000
32,20210202,11328286000000000000000,11500000000000000000000,9300000000000000000000
33,20210203,10117000000000000000000,13200000000000000000000,9495000000000000000000
34,20210204,12061667000000000000000,11500000000000000000000,8995000000000000000000
35,20210205,12213308000000000000000,10000000000000000000000,8999000000000000000000
36,20210206,12350000000000000000000,11500000000000000000000,13000000000000000000000
37,20210207,9666333000000000000000,13000000000000000000000,9999000000000000000000
38,20210208,10064833000000000000000,10000000000000000000000,9500000000000000000000
39,20210209,8499500000000000000000,8000000000000000000000,8999000000000000000000
40,20210210,9804133000000000000000,10000000000000000000000,9999000000000000000000
41,20210211,16955400000000000000000,10000000000000000000000,8777000000000000000000
42,20210212,15712833000000000000000,16500000000000000000000,8777000000000000000000
43,20210213,10807444000000000000000,12000000000000000000000,9999000000000000000000
44,20210214,10588500000000000000000,12400000000000000000000,8777000000000000000000
45,20210215,33501571000000000000000,10000000000000000000000,9000000000000000000000
46,20210216,10581000000000000000000,12500000000000000000000,8688000000000000000000
47,20210217,9030625000000000000000,16000000000000000000000,9999000000000000000000
48,20210218,14311833000000000000000,15000000000000000000000,9998000000000000000000
49,20210219,7424500000000000000000,4999000000000000000000,8999000000000000000000
50,20210220,11341250000000000000000,10900000000000000000000,9950000000000000000000
51,20210221,8542714000000000000000,7500000000000000000000,9999000000000000000000
52,20210222,10810571000000000000000,13500000000000000000000,9800000000000000000000
53,20210223,11731643000000000000000,10999000000000000000000,9999000000000000000000
54,20210224,11366083000000000000000,11111000000000000000000,8999000000000000000000
55,20210225,12136000000000000000000,11000000000000000000000,9999000000000000000000
56,20210226,10221273000000000000000,10000000000000000000000,9999000000000000000000
57,20210227,11267455000000000000000,11486000000000000000000,9400000000000000000000
58,20210228,15578200000000000000000,11000000000000000000000,8900000000000000000000
59,20210301,10771371000000000000000,11000000000000000000000,9999000000000000000000
60,20210302,11269792000000000000000,10000000000000000000000,9997000000000000000000
61,20210303,11000421000000000000000,10000000000000000000000,9900000000000000000000
62,20210304,11129417000000000000000,10000000000000000000000,9999000000000000000000
63,20210305,10035571000000000000000,10000000000000000000000,9550000000000000000000
64,20210306,10843667000000000000000,10000000000000000000000,9990000000000000000000
65,20210307,16517000000000000000000,12500000000000000000000,9000000000000000000000
66,20210308,11601500000000000000000,10000000000000000000000,9990000000000000000000
67,20210309,10463214000000000000000,10000000000000000000000,9966000000000000000000
68,20210310,9855615000000000000000,10000000000000000000000,9900000000000000000000
69,20210311,13483733000000000000000,10420000000000000000000,9154000000000000000000
70,20210312,9720923000000000000000,12450000000000000000000,9980000000000000000000
71,20210313,8910581000000000000000,10000000000000000000000,9990000000000000000000
72,20210314,7085000000000000000000,10000000000000000000000,9999000000000000000000
73,20210315,6615759000000000000000,4500000000000000000000,9000000000000000000000
74,20210316,8581000000000000000000,10000000000000000000000,8900000000000000000000
75,20210317,7576867000000000000000,6450000000000000000000,9800000000000000000000
76,20210318,11027208000000000000000,10000000000000000000000,9997000000000000000000
77,20210319,9569267000000000000000,13994000000000000000000,9990000000000000000000
78,20210320,8097333000000000000000,5900000000000000000000,9994000000000000000000
79,20210321,6869882000000000000000,5800000000000000000000,8700000000000000000000
80,20210322,7518182000000000000000,6499000000000000000000,9999000000000000000000
81,20210323,6898714000000000000000,6000000000000000000000,7800000000000000000000
82,20210324,8732222000000000000000,13900000000000000000000,8900000000000000000000
83,20210325,8601333000000000000000,5900000000000000000000,9999000000000000000000
84,20210326,6711889000000000000000,5999000000000000000000,8500000000000000000000
85,20210327,8208727000000000000000,10000000000000000000000,9700000000000000000000
86,20210328,8492000000000000000000,18210000000000000000000,9669000000000000000000
87,20210329,8345037000000000000000,13999000000000000000000,9399000000000000000000
88,20210330,8133250000000000000000,12500000000000000000000,9900000000000000000000
89,20210331,8123882000000000000000,10000000000000000000000,9999000000000000000000
90,20210401,7496400000000000000000,6480000000000000000000,9999000000000000000000
91,20210402,8784143000000000000000,19500000000000000000000,8420000000000000000000
92,20210403,9311300000000000000000,24000000000000000000000,9999000000000000000000
93,20210404,7270733000000000000000,10000000000000000000000,6969000000000000000000
94,20210405,7867071000000000000000,10000000000000000000000,9999000000000000000000
95,20210406,8417867000000000000000,10015000000000000000000,9999000000000000000000
96,20210407,9237000000000000000000,10750000000000000000000,8999000000000000000000
97,20210408,8165111000000000000000,13550000000000000000000,9999000000000000000000
98,20210409,7712000000000000000000,6285000000000000000000,8888000000000000000000
99,20210410,11049500000000000000000,23000000000000000000000,7200000000000000000000
100,20210411,10806125000000000000000,11499000000000000000000,9900000000000000000000
101,20210412,7227889000000000000000,10000000000000000000000,8500000000000000000000
102,20210413,6030200000000000000000,3988000000000000000000,9900000000000000000000
103,20210414,5945857000000000000000,4550000000000000000000,9999000000000000000000
104,20210415,5324500000000000000000,4999000000000000000000,5500000000000000000000
105,20210416,5575882000000000000000,4399000000000000000000,8750000000000000000000
106,20210417,5445375000000000000000,10450000000000000000000,5666000000000000000000
107,20210418,9930455000000000000000,11994000000000000000000,9800000000000000000000
108,20210419,7099833000000000000000,4699000000000000000000,9000000000000000000000
109,20210420,7173250000000000000000,11997000000000000000000,6499000000000000000000
110,20210421,4824000000000000000000,4000000000000000000000,5999000000000000000000
111,20210422,5829667000000000000000,11990000000000000000000,6400000000000000000000
112,20210423,6227222000000000000000,14000000000000000000000,8888000000000000000000
113,20210424,5887100000000000000000,3999000000000000000000,9999000000000000000000
114,20210425,5445083000000000000000,3998000000000000000000,7900000000000000000000
115,20210426,5444000000000000000000,4499000000000000000000,6700000000000000000000
116,20210427,7018400000000000000000,13489000000000000000000,8500000000000000000000
117,20210428,5967810000000000000000,11997000000000000000000,9500000000000000000000
118,20210429,5533000000000000000000,4399000000000000000000,7200000000000000000000
119,20210430,6595400000000000000000,4100000000000000000000,9990000000000000000000
120,20210501,4613600000000000000000,4100000000000000000000,5380000000000000000000
121,20210502,5232200000000000000000,10000000000000000000000,6100000000000000000000
122,20210503,4273333000000000000000,4111000000000000000000,4487000000000000000000
123,20210504,6458222000000000000000,4399000000000000000000,9800000000000000000000
124,20210505,6573200000000000000000,4299000000000000000000,9750000000000000000000
125,20210506,5757800000000000000000,3790000000000000000000,8800000000000000000000
126,20210507,3832667000000000000000,3699000000000000000000,4000000000000000000000
127,20210508,5377333000000000000000,3988000000000000000000,7499000000000000000000
128,20210509,5471500000000000000000,3990000000000000000000,7900000000000000000000
129,20210511,6060625000000000000000,4699000000000000000000,8800000000000000000000
130,20210512,6226286000000000000000,3980000000000000000000,9700000000000000000000
131,20210513,6596833000000000000000,10000000000000000000000,9000000000000000000000
132,20210514,6249750000000000000000,10999000000000000000000,5900000000000000000000
133,20210515,4520500000000000000000,4050000000000000000000,4991000000000000000000
134,20210516,5556400000000000000000,4000000000000000000000,7500000000000000000000
135,20210517,5263111000000000000000,4099000000000000000000,8000000000000000000000
136,20210518,4340286000000000000000,4100000000000000000000,4809000000000000000000
137,20210519,5032875000000000000000,4099000000000000000000,5999000000000000000000
138,20210520,4707000000000000000000,4188000000000000000000,6999000000000000000000
139,20210521,6224250000000000000000,4000000000000000000000,9999000000000000000000
140,20210522,7891250000000000000000,14700000000000000000000,6666000000000000000000
141,20210523,7152467000000000000000,12900000000000000000000,9800000000000000000000
142,20210524,4768571000000000000000,4000000000000000000000,5950000000000000000000
143,20210525,5309333000000000000000,4350000000000000000000,7480000000000000000000
144,20210526,11987250000000000000000,34000000000000000000000,5100000000000000000000
145,20210527,4893333000000000000000,4100000000000000000000,6000000000000000000000
146,20210528,5611600000000000000000,4200000000000000000000,7900000000000000000000
147,20210529,4929333000000000000000,4790000000000000000000,4999000000000000000000
148,20210530,4563333000000000000000,4300000000000000000000,5000000000000000000000
149,20210531,5704625000000000000000,4684000000000000000000,6899000000000000000000
150,20210601,4649750000000000000000,4199000000000000000000,5000000000000000000000
151,20210602,6148000000000000000000,3995000000000000000000,7500000000000000000000
152,20210603,5924500000000000000000,4900000000000000000000,6949000000000000000000
153,20210604,5544750000000000000000,4480000000000000000000,6999000000000000000000
154,20210605,5911833000000000000000,4970000000000000000000,7300000000000000000000
155,20210606,6223500000000000000000,4980000000000000000000,7950000000000000000000
156,20210607,6304714000000000000000,4899000000000000000000,7800000000000000000000
157,20210608,7597667000000000000000,15000000000000000000000,7998000000000000000000
158,20210609,5711000000000000000000,10900000000000000000000,6395000000000000000000
159,20210610,6652900000000000000000,14994000000000000000000,8888000000000000000000
160,20210611,5492500000000000000000,4555000000000000000000,9000000000000000000000
161,20210612,5835400000000000000000,4800000000000000000000,7420000000000000000000
162,20210613,6373714000000000000000,11888000000000000000000,6995000000000000000000
163,20210614,16778250000000000000000,4700000000000000000000,9800000000000000000000
164,20210615,7058143000000000000000,11667000000000000000000,7999000000000000000000
165,20210616,5338000000000000000000,4420000000000000000000,6994000000000000000000
166,20210617,6787250000000000000000,12500000000000000000000,5200000000000000000000
167,20210618,6271200000000000000000,10995000000000000000000,5500000000000000000000
168,20210619,5035000000000000000000,4420000000000000000000,5650000000000000000000
169,20210620,7319000000000000000000,4750000000000000000000,9888000000000000000000
170,20210621,4526667000000000000000,4500000000000000000000,4580000000000000000000
171,20210622,5964375000000000000000,4800000000000000000000,8888000000000000000000
172,20210623,7046769000000000000000,12000000000000000000000,7999000000000000000000
173,20210624,6070800000000000000000,4988000000000000000000,9499000000000000000000
174,20210625,8391750000000000000000,12000000000000000000000,9400000000000000000000
175,20210626,8500000000000000000000,8500000000000000000000,8500000000000000000000
176,20210627,5927286000000000000000,4917000000000000000000,8200000000000000000000
177,20210628,6306167000000000000000,4925000000000000000000,7500000000000000000000
178,20210629,6834333000000000000000,10695000000000000000000,4909000000000000000000
179,20210630,5814750000000000000000,4910000000000000000000,6397000000000000000000
180,20210701,6795333000000000000000,5888000000000000000000,7499000000000000000000
181,20210702,8767750000000000000000,10000000000000000000000,8662000000000000000000
182,20210703,7191333000000000000000,12000000000000000000000,8000000000000000000000
183,20210704,6723500000000000000000,4900000000000000000000,9999000000000000000000
184,20210705,5925333000000000000000,4880000000000000000000,6997000000000000000000
185,20210706,11899000000000000000000,11899000000000000000000,11899000000000000000000
186,20210707,8249500000000000000000,6500000000000000000000,9999000000000000000000
187,20210708,5662000000000000000000,4999000000000000000000,7000000000000000000000
188,20210710,5749000000000000000000,5498000000000000000000,6000000000000000000000
189,20210711,7249000000000000000000,5499000000000000000000,8999000000000000000000
190,20210712,5965667000000000000000,5799000000000000000000,6299000000000000000000
191,20210713,7119400000000000000000,6400000000000000000000,7799000000000000000000
192,20210714,5518750000000000000000,4100000000000000000000,6499000000000000000000
193,20210715,6500000000000000000000,6500000000000000000000,6500000000000000000000
194,20210716,6880000000000000000000,5900000000000000000000,8000000000000000000000
195,20210717,6601400000000000000000,5099000000000000000000,7888000000000000000000
196,20210718,9332333000000000000000,16500000000000000000000,6000000000000000000000
197,20210719,6947250000000000000000,5150000000000000000000,9980000000000000000000
198,20210720,6962000000000000000000,4999000000000000000000,8888000000000000000000
199,20210721,6712000000000000000000,6450000000000000000000,6887000000000000000000
200,20210722,7770444000000000000000,16900000000000000000000,7999000000000000000000
201,20210723,6294500000000000000000,4590000000000000000000,7999000000000000000000
202,20210724,6466000000000000000000,4989000000000000000000,8700000000000000000000
203,20210725,6353500000000000000000,5420000000000000000000,7499000000000000000000
204,20210726,6899000000000000000000,6899000000000000000000,6899000000000000000000
205,20210727,6199333000000000000000,5290000000000000000000,6888000000000000000000
206,20210728,13888000000000000000000,13888000000000000000000,13888000000000000000000
207,20210729,8888000000000000000000,8888000000000000000000,8888000000000000000000
208,20210730,7169250000000000000000,4790000000000000000000,9999000000000000000000
209,20210731,6618800000000000000000,5420000000000000000000,8888000000000000000000
210,20210801,7548500000000000000000,5098000000000000000000,9999000000000000000000
211,20210802,6565600000000000000000,12589000000000000000000,7100000000000000000000
212,20210803,6346500000000000000000,5000000000000000000000,7000000000000000000000
213,20210804,6689167000000000000000,4888000000000000000000,7777000000000000000000
214,20210805,6473333000000000000000,4420000000000000000000,8000000000000000000000
215,20210806,6332500000000000000000,4666000000000000000000,7999000000000000000000
216,20210807,5926889000000000000000,4599000000000000000000,8000000000000000000000
217,20210808,7777000000000000000000,7777000000000000000000,7777000000000000000000
218,20210809,5044500000000000000000,4690000000000000000000,5399000000000000000000
219,20210810,4749000000000000000000,4749000000000000000000,4749000000000000000000
220,20210812,5879167000000000000000,4888000000000000000000,9999000000000000000000
221,20210813,5094000000000000000000,4775000000000000000000,5499000000000000000000
222,20210814,6140000000000000000000,4690000000000000000000,8999000000000000000000
223,20210815,7747667000000000000000,10999000000000000000000,5888000000000000000000
224,20210816,8054571000000000000000,11500000000000000000000,7888000000000000000000
225,20210817,6492500000000000000000,11420000000000000000000,5050000000000000000000
226,20210818,9066667000000000000000,9000000000000000000000,9100000000000000000000
227,20210819,8895667000000000000000,15000000000000000000000,6887000000000000000000
228,20210820,7207429000000000000000,11000000000000000000000,9650000000000000000000
229,20210821,6900000000000000000000,5000000000000000000000,8800000000000000000000
230,20210823,5332667000000000000000,5000000000000000000000,5500000000000000000000
231,20210824,5607200000000000000000,4888000000000000000000,6550000000000000000000
232,20210825,9254667000000000000000,29000000000000000000000,9950000000000000000000
233,20210826,6213667000000000000000,4700000000000000000000,7777000000000000000000
234,20210827,15000000000000000000000,15000000000000000000000,15000000000000000000000
235,20210828,5543400000000000000000,4900000000000000000000,6420000000000000000000
236,20210829,6836250000000000000000,5050000000000000000000,9999000000000000000000
237,20210830,7522500000000000000000,11950000000000000000000,9999000000000000000000
238,20210831,5602000000000000000000,5050000000000000000000,6498000000000000000000
239,20210901,5970200000000000000000,4975000000000000000000,7888000000000000000000
240,20210902,5577364000000000000000,4950000000000000000000,9777000000000000000000
241,20210903,7348179000000000000000,14000000000000000000000,9890000000000000000000
242,20210904,6796700000000000000000,10000000000000000000000,9980000000000000000000
243,20210905,7174667000000000000000,11420000000000000000000,8999000000000000000000
244,20210906,5723158000000000000000,11666000000000000000000,8575000000000000000000
245,20210907,6312778000000000000000,4999000000000000000000,8888000000000000000000
246,20210908,5792800000000000000000,5140000000000000000000,6980000000000000000000
247,20210909,6715333000000000000000,5150000000000000000000,9888000000000000000000
248,20210910,7982500000000000000000,10000000000000000000000,9999000000000000000000
249,20210911,14950800000000000000000,49999000000000000000000,7888000000000000000000
250,20210912,7917833000000000000000,11498000000000000000000,6900000000000000000000
251,20210913,7453400000000000000000,5120000000000000000000,9579000000000000000000
252,20210914,7496524000000000000000,12000000000000000000000,9999000000000000000000
253,20210915,5838182000000000000000,4888000000000000000000,8999000000000000000000
254,20210916,6030917000000000000000,5160000000000000000000,8500000000000000000000
255,20210917,7090900000000000000000,18999000000000000000000,8247000000000000000000
256,20210918,6066333000000000000000,11969000000000000000000,6999000000000000000000
257,20210919,7061714000000000000000,14500000000000000000000,7444000000000000000000
258,20210920,8039800000000000000000,6420000000000000000000,9985000000000000000000
259,20210921,6743000000000000000000,10000000000000000000000,7777000000000000000000
260,20210922,5487714000000000000000,4000000000000000000000,7399000000000000000000
261,20210923,6149000000000000000000,4999000000000000000000,8199000000000000000000
262,20210924,6210000000000000000000,5420000000000000000000,7000000000000000000000
263,20210925,8993500000000000000000,7990000000000000000000,9997000000000000000000
264,20210926,7316750000000000000000,5000000000000000000000,8769000000000000000000
265,20210927,6123000000000000000000,5249000000000000000000,6997000000000000000000
266,20210928,7722000000000000000000,11000000000000000000000,6269000000000000000000
267,20210929,6676222000000000000000,10000000000000000000000,8000000000000000000000
268,20210930,6950750000000000000000,10500000000000000000000,6499000000000000000000
269,20211001,6104000000000000000000,5520000000000000000000,8000000000000000000000
270,20211002,6800714000000000000000,5650000000000000000000,9700000000000000000000
271,20211003,6144333000000000000000,5450000000000000000000,6999000000000000000000
272,20211004,7612846000000000000000,10000000000000000000000,9897000000000000000000
273,20211005,12810000000000000000000,12000000000000000000000,9000000000000000000000
274,20211006,6803600000000000000000,5450000000000000000000,9969000000000000000000
275,20211007,5425000000000000000000,5250000000000000000000,5525000000000000000000
276,20211008,6443000000000000000000,5450000000000000000000,9500000000000000000000
277,20211009,6564467000000000000000,5200000000000000000000,8888000000000000000000
278,20211010,7939750000000000000000,14999000000000000000000,9420000000000000000000
279,20211011,10665333000000000000000,22000000000000000000000,4998000000000000000000
280,20211012,6077833000000000000000,4985000000000000000000,7999000000000000000000
281,20211013,17056000000000000000000,4875000000000000000000,6199000000000000000000
282,20211014,6961667000000000000000,5887000000000000000000,7999000000000000000000
283,20211015,4998000000000000000000,4998000000000000000000,4998000000000000000000
284,20211016,7366000000000000000000,10300000000000000000000,5999000000000000000000
285,20211017,9771500000000000000000,11999000000000000000000,8888000000000000000000
286,20211018,9749500000000000000000,11500000000000000000000,7999000000000000000000
287,20211019,6468000000000000000000,4600000000000000000000,9999000000000000000000
288,20211020,6287000000000000000000,4750000000000000000000,8420000000000000000000
289,20211021,7338273000000000000000,4850000000000000000000,9999000000000000000000
290,20211022,7121750000000000000000,5488000000000000000000,8000000000000000000000
291,20211023,6898000000000000000000,4999000000000000000000,8797000000000000000000
292,20211024,6558091000000000000000,4850000000000000000000,9800000000000000000000
293,20211025,8642667000000000000000,15000000000000000000000,5678000000000000000000
294,20211026,6582833000000000000000,5000000000000000000000,8900000000000000000000
295,20211027,6586600000000000000000,4855000000000000000000,9495000000000000000000
296,20211028,7020667000000000000000,5899000000000000000000,8275000000000000000000
297,20211029,7496500000000000000000,10400000000000000000000,9500000000000000000000
298,20211030,6171162000000000000000,10000000000000000000000,9370000000000000000000
299,20211031,5325750000000000000000,3700000000000000000000,9700000000000000000000
300,20211101,6106150000000000000000,19000000000000000000000,9400000000000000000000
301,20211102,4681909000000000000000,3690000000000000000000,8888000000000000000000
302,20211103,5113667000000000000000,3420000000000000000000,8888000000000000000000
303,20211104,4188583000000000000000,3300000000000000000000,8400000000000000000000
304,20211105,5125500000000000000000,3470000000000000000000,6789000000000000000000
305,20211106,4911750000000000000000,3480000000000000000000,8249000000000000000000
306,20211107,4662000000000000000000,10000000000000000000000,5249000000000000000000
307,20211108,4450800000000000000000,3490000000000000000000,7888000000000000000000
308,20211109,4499400000000000000000,3695000000000000000000,5800000000000000000000
309,20211110,6565500000000000000000,10999000000000000000000,9500000000000000000000
310,20211111,5075375000000000000000,3495000000000000000000,7999000000000000000000
311,20211112,5955316000000000000000,28000000000000000000000,8997000000000000000000
312,20211113,4501952000000000000000,3250000000000000000000,8888000000000000000000
313,20211114,5376440000000000000000,19000000000000000000000,9999000000000000000000
314,20211115,4697000000000000000000,13000000000000000000000,5900000000000000000000
315,20211116,4308635000000000000000,10000000000000000000000,9888000000000000000000
316,20211117,4732840000000000000000,13000000000000000000000,9999000000000000000000
317,20211118,4537897000000000000000,3000000000000000000000,6888000000000000000000
318,20211119,4187444000000000000000,3495000000000000000000,6000000000000000000000
319,20211120,4703000000000000000000,3295000000000000000000,9797000000000000000000
320,20211121,4117818000000000000000,2900000000000000000000,5899000000000000000000
321,20211122,4698750000000000000000,3495000000000000000000,6397000000000000000000
322,20211123,4673417000000000000000,3333000000000000000000,6888000000000000000000
323,20211124,4619944000000000000000,12420000000000000000000,7250000000000000000000
324,20211125,5701171000000000000000,10000000000000000000000,9600000000000000000000
325,20211126,4886967000000000000000,15000000000000000000000,9488000000000000000000
326,20211127,5799130000000000000000,13250000000000000000000,9900000000000000000000
327,20211128,5703129000000000000000,18000000000000000000000,9999000000000000000000
328,20211129,4187071000000000000000,12750000000000000000000,6543000000000000000000
329,20211130,4556227000000000000000,3195000000000000000000,8000000000000000000000
330,20211201,4275553000000000000000,3195000000000000000000,5990000000000000000000
331,20211202,4794875000000000000000,13999000000000000000000,9876000000000000000000
332,20211203,5115316000000000000000,3450000000000000000000,9888000000000000000000
333,20211204,5471742000000000000000,10000000000000000000000,9500000000000000000000
334,20211205,5520000000000000000000,3480000000000000000000,8945000000000000000000
335,20211206,4463438000000000000000,3590000000000000000000,6888000000000000000000
336,20211207,5180737000000000000000,14200000000000000000000,6800000000000000000000
337,20211208,4360450000000000000000,1399000000000000000000,6250000000000000000000
338,20211209,5139895000000000000000,3750000000000000000000,8388000000000000000000
339,20211210,11747522000000000000000,125000000000000000000000,6888000000000000000000
340,20211211,5077750000000000000000,3950000000000000000000,7777000000000000000000
341,20211212,5249318000000000000000,3950000000000000000000,9950000000000000000000
342,20211213,4897000000000000000000,3980000000000000000000,7420000000000000000000
343,20211214,5033474000000000000000,3890000000000000000000,9865000000000000000000
344,20211215,5950656000000000000000,11000000000000000000000,8999000000000000000000
345,20211216,5190737000000000000000,4050000000000000000000,7420000000000000000000
346,20211217,5754615000000000000000,13311000000000000000000,9989000000000000000000
347,20211218,5025733000000000000000,4099000000000000000000,7000000000000000000000
348,20211219,4993158000000000000000,12000000000000000000000,6400000000000000000000
349,20211220,5089231000000000000000,4050000000000000000000,6769000000000000000000
350,20211221,5398621000000000000000,12488000000000000000000,9500000000000000000000
351,20211222,5494828000000000000000,4150000000000000000000,8800000000000000000000
352,20211223,5534400000000000000000,4180000000000000000000,8340000000000000000000
353,20211224,5333625000000000000000,3995000000000000000000,7500000000000000000000
354,20211225,4774818000000000000000,3920000000000000000000,6300000000000000000000
355,20211226,4705615000000000000000,3800000000000000000000,9228000000000000000000
356,20211227,5986800000000000000000,14999000000000000000000,7898000000000000000000
357,20211228,4757357000000000000000,3888000000000000000000,6222000000000000000000
358,20211229,5122286000000000000000,4099000000000000000000,7995000000000000000000
359,20211230,6173333000000000000000,16710000000000000000000,5500000000000000000000
360,20211231,5231500000000000000000,4250000000000000000000,6999000000000000000000
361,20220101,5205833000000000000000,4100000000000000000000,9440000000000000000000
362,20220102,5197727000000000000000,3999000000000000000000,6750000000000000000000
363,20220103,7005200000000000000000,25000000000000000000000,7399000000000000000000
364,20220104,5621600000000000000000,3600000000000000000000,9600000000000000000000
365,20220105,5358250000000000000000,3800000000000000000000,9800000000000000000000
366,20220106,5548452000000000000000,4250000000000000000000,8888000000000000000000
367,20220107,4927375000000000000000,4288000000000000000000,7000000000000000000000
368,20220108,4953364000000000000000,10000000000000000000000,5997000000000000000000
369,20220109,6411545000000000000000,11999000000000000000000,6888000000000000000000
370,20220110,5820929000000000000000,11111000000000000000000,7000000000000000000000
371,20220111,5655786000000000000000,4749000000000000000000,6997000000000000000000
372,20220112,5472750000000000000000,4567000000000000000000,6969000000000000000000
373,20220113,6451053000000000000000,25000000000000000000000,6555000000000000000000
374,20220114,5891857000000000000000,10000000000000000000000,8888000000000000000000
375,20220115,5918357000000000000000,4700000000000000000000,8420000000000000000000
376,20220116,5797000000000000000000,4900000000000000000000,7388000000000000000000
377,20220117,5674357000000000000000,5000000000000000000000,7495000000000000000000
378,20220118,5825231000000000000000,4970000000000000000000,6899000000000000000000
379,20220119,5836727000000000000000,5100000000000000000000,6969000000000000000000
380,20220120,5815522000000000000000,4800000000000000000000,7200000000000000000000
381,20220121,6246722000000000000000,5129000000000000000000,9974000000000000000000
382,20220122,7024440000000000000000,15000000000000000000000,9000000000000000000000
383,20220123,7265850000000000000000,12000000000000000000000,7997000000000000000000
384,20220124,5885565000000000000000,5000000000000000000000,8690000000000000000000
385,20220125,6518765000000000000000,5149000000000000000000,9999000000000000000000
386,20220126,7037231000000000000000,19999000000000000000000,8888000000000000000000
387,20220127,7222667000000000000000,11499000000000000000000,8888000000000000000000
388,20220128,6059500000000000000000,4850000000000000000000,8499000000000000000000
389,20220129,6741600000000000000000,15000000000000000000000,6650000000000000000000
390,20220130,6265667000000000000000,11333000000000000000000,7400000000000000000000
391,20220131,6518091000000000000000,15888000000000000000000,6149000000000000000000
392,20220201,6225412000000000000000,11000000000000000000000,9600000000000000000000
393,20220202,6419500000000000000000,5100000000000000000000,9999000000000000000000
394,20220203,7093600000000000000000,12500000000000000000000,8888000000000000000000
395,20220204,6010300000000000000000,5100000000000000000000,9999000000000000000000
396,20220205,6375500000000000000000,5150000000000000000000,8450000000000000000000
397,20220206,7282462000000000000000,15650000000000000000000,7000000000000000000000
398,20220207,5750333000000000000000,4600000000000000000000,7300000000000000000000
399,20220208,5981273000000000000000,10420000000000000000000,8888000000000000000000
400,20220209,5979312000000000000000,4697000000000000000000,8888000000000000000000
401,20220210,6300000000000000000000,10000000000000000000000,5850000000000000000000
402,20220211,5805400000000000000000,4999000000000000000000,6800000000000000000000
403,20220212,5647714000000000000000,5150000000000000000000,7222000000000000000000
404,20220213,6887000000000000000000,5349000000000000000000,9250000000000000000000
405,20220214,6007000000000000000000,5169000000000000000000,7420000000000000000000
406,20220215,6561500000000000000000,11222000000000000000000,9000000000000000000000
407,20220216,6752455000000000000000,10000000000000000000000,9987000000000000000000
408,20220217,6136000000000000000000,10000000000000000000000,5075000000000000000000
409,20220218,7232714000000000000000,15420000000000000000000,6999000000000000000000
410,20220219,5367727000000000000000,4600000000000000000000,6666000000000000000000
411,20220220,6089800000000000000000,4950000000000000000000,8800000000000000000000
412,20220221,6336750000000000000000,5259000000000000000000,9500000000000000000000
413,20220222,6695545000000000000000,15500000000000000000000,9000000000000000000000
414,20220223,5985000000000000000000,4300000000000000000000,9699000000000000000000
415,20220224,5714375000000000000000,5025000000000000000000,6888000000000000000000
416,20220225,6127000000000000000000,4899000000000000000000,7499000000000000000000
417,20220226,5689000000000000000000,4868000000000000000000,6199000000000000000000
418,20220227,5219333000000000000000,4933000000000000000000,5800000000000000000000
419,20220228,7674500000000000000000,26000000000000000000000,6666000000000000000000
420,20220301,5058333000000000000000,4780000000000000000000,5900000000000000000000
421,20220302,4978667000000000000000,4870000000000000000000,5111000000000000000000
422,20220303,6488857000000000000000,4949000000000000000000,9999000000000000000000
423,20220304,5398571000000000000000,4150000000000000000000,7000000000000000000000
424,20220305,5893100000000000000000,4969000000000000000000,7000000000000000000000
425,20220306,7453375000000000000000,11800000000000000000000,8900000000000000000000
426,20220307,6063083000000000000000,11200000000000000000000,7000000000000000000000
427,20220308,5254571000000000000000,4700000000000000000000,6123000000000000000000
428,20220309,5588500000000000000000,3678000000000000000000,6469000000000000000000
429,20220310,5625182000000000000000,4725000000000000000000,7750000000000000000000
430,20220311,7681500000000000000000,5475000000000000000000,9888000000000000000000
431,20220312,5539222000000000000000,4650000000000000000000,6200000000000000000000
432,20220313,5884714000000000000000,4400000000000000000000,9888000000000000000000
433,20220314,7949000000000000000000,18800000000000000000000,4400000000000000000000
434,20220315,5428000000000000000000,4285000000000000000000,6500000000000000000000
435,20220316,5913750000000000000000,5400000000000000000000,6900000000000000000000
436,20220317,5567000000000000000000,5000000000000000000000,5999000000000000000000
437,20220318,5059100000000000000000,4075000000000000000000,6999000000000000000000
438,20220319,5646778000000000000000,4075000000000000000000,8860000000000000000000
439,20220320,5176600000000000000000,3985000000000000000000,6950000000000000000000
440,20220321,6128167000000000000000,12000000000000000000000,6215000000000000000000
441,20220322,6869333000000000000000,14420000000000000000000,7222000000000000000000
442,20220323,4934375000000000000000,3500000000000000000000,6988000000000000000000
443,20220324,8808875000000000000000,13888000000000000000000,4788000000000000000000
444,20220325,8548800000000000000000,5848000000000000000000,9900000000000000000000
445,20220326,5846125000000000000000,13999000000000000000000,7088000000000000000000
446,20220327,5494750000000000000000,4929000000000000000000,6700000000000000000000
447,20220328,7800667000000000000000,11888000000000000000000,6615000000000000000000
448,20220329,6732000000000000000000,10888000000000000000000,4888000000000000000000
449,20220330,4815000000000000000000,3865000000000000000000,6969000000000000000000
450,20220331,5809125000000000000000,10888000000000000000000,6249000000000000000000
451,20220401,5453000000000000000000,3870000000000000000000,9997000000000000000000
452,20220402,5535750000000000000000,3999000000000000000000,6444000000000000000000
453,20220403,5302200000000000000000,3870000000000000000000,6980000000000000000000
454,20220404,4967000000000000000000,4050000000000000000000,5999000000000000000000
455,20220405,6399000000000000000000,12300000000000000000000,5100000000000000000000
456,20220406,5377143000000000000000,3685000000000000000000,6888000000000000000000
457,20220407,5458000000000000000000,4888000000000000000000,5995000000000000000000
458,20220408,4826600000000000000000,3895000000000000000000,6000000000000000000000
459,20220409,5643333000000000000000,3975000000000000000000,7400000000000000000000
460,20220410,5757500000000000000000,4444000000000000000000,7499000000000000000000
461,20220411,4775000000000000000000,4100000000000000000000,6000000000000000000000
462,20220412,4917500000000000000000,3685000000000000000000,7900000000000000000000
463,20220413,4519125000000000000000,3750000000000000000000,6488000000000000000000
464,20220414,5368333000000000000000,3785000000000000000000,8420000000000000000000
465,20220415,5120500000000000000000,3920000000000000000000,5888000000000000000000
466,20220416,4589000000000000000000,4099000000000000000000,5169000000000000000000
467,20220417,4684667000000000000000,3785000000000000000000,5999000000000000000000
468,20220418,4802857000000000000000,3850000000000000000000,6410000000000000000000
469,20220419,4086500000000000000000,3850000000000000000000,4588000000000000000000
470,20220420,4382000000000000000000,3695000000000000000000,4999000000000000000000
471,20220422,5797500000000000000000,11800000000000000000000,4000000000000000000000
472,20220423,4461000000000000000000,3600000000000000000000,5000000000000000000000
473,20220424,6937000000000000000000,3875000000000000000000,9999000000000000000000
474,20220425,4066000000000000000000,3495000000000000000000,5000000000000000000000
475,20220426,4629833000000000000000,3495000000000000000000,7420000000000000000000
476,20220427,3613600000000000000000,3495000000000000000000,3888000000000000000000
477,20220428,4881500000000000000000,4195000000000000000000,5888000000000000000000
478,20220429,4185125000000000000000,3495000000000000000000,5688000000000000000000
479,20220430,4265545000000000000000,3490000000000000000000,5450000000000000000000
480,20220501,4743400000000000000000,3490000000000000000000,7795000000000000000000
481,20220502,5617800000000000000000,3645000000000000000000,6599000000000000000000
482,20220503,4892833000000000000000,3595000000000000000000,6999000000000000000000
483,20220504,4565000000000000000000,3990000000000000000000,5150000000000000000000
484,20220505,4842444000000000000000,3610000000000000000000,5400000000000000000000
485,20220506,11666000000000000000000,20000000000000000000000,9999000000000000000000
486,20220507,3521000000000000000000,3220000000000000000000,3800000000000000000000
487,20220508,5076250000000000000000,3485000000000000000000,8000000000000000000000
488,20220509,4793286000000000000000,3550000000000000000000,6969000000000000000000
489,20220510,4356286000000000000000,3685000000000000000000,6249000000000000000000
490,20220511,5335214000000000000000,12123000000000000000000,7485000000000000000000
491,20220512,5910542000000000000000,13140000000000000000000,9888000000000000000000
492,20220513,5561278000000000000000,4450000000000000000000,8499000000000000000000
493,20220514,6546556000000000000000,19500000000000000000000,6500000000000000000000
494,20220515,7502800000000000000000,12250000000000000000000,8765000000000000000000
495,20220516,4799750000000000000000,4250000000000000000000,5100000000000000000000
496,20220517,5604500000000000000000,4789000000000000000000,6420000000000000000000
497,20220518,6088600000000000000000,4000000000000000000000,8500000000000000000000
498,20220519,6562111000000000000000,4170000000000000000000,9850000000000000000000
499,20220520,7648500000000000000000,5399000000000000000000,9898000000000000000000
500,20220521,5595250000000000000000,4025000000000000000000,6999000000000000000000
501,20220523,4821600000000000000000,4120000000000000000000,5000000000000000000000
502,20220524,3404250000000000000000,3900000000000000000000,9000000000000000000
503,20220525,4907667000000000000000,3799000000000000000000,8300000000000000000000
504,20220526,6282375000000000000000,14420000000000000000000,7900000000000000000000
505,20220527,4746667000000000000000,3872000000000000000000,5999000000000000000000
506,20220528,4224600000000000000000,3500000000000000000000,5250000000000000000000
507,20220529,5500667000000000000000,3924000000000000000000,7690000000000000000000
508,20220530,5906250000000000000000,3925000000000000000000,9850000000000000000000
509,20220531,4894000000000000000000,4000000000000000000000,5788000000000000000000
510,20220601,4586000000000000000000,3400000000000000000000,5499000000000000000000
511,20220602,4464000000000000000000,3940000000000000000000,4988000000000000000000
512,20220603,4299500000000000000000,3499000000000000000000,5100000000000000000000
513,20220604,4524000000000000000000,3898000000000000000000,5150000000000000000000
514,20220605,7621250000000000000000,10000000000000000000000,8000000000000000000000
515,20220606,5425000000000000000000,3888000000000000000000,6388000000000000000000
516,20220607,5740462000000000000000,3799000000000000000000,9777000000000000000000
517,20220608,4596000000000000000000,4088000000000000000000,5500000000000000000000
518,20220609,6520000000000000000000,6350000000000000000000,6690000000000000000000
519,20220610,5273000000000000000000,4400000000000000000000,6350000000000000000000
520,20220611,5712500000000000000000,5425000000000000000000,6000000000000000000000
521,20220612,5085000000000000000000,4550000000000000000000,5985000000000000000000
522,20220613,4707667000000000000000,3999000000000000000000,5799000000000000000000
523,20220614,5507400000000000000000,4200000000000000000000,8000000000000000000000
524,20220615,4312333000000000000000,4188000000000000000000,4450000000000000000000
525,20220616,5025000000000000000000,4600000000000000000000,5450000000000000000000
526,20220617,4399500000000000000000,4249000000000000000000,4550000000000000000000
527,20220618,5919667000000000000000,4099000000000000000000,7485000000000000000000
528,20220619,3995333000000000000000,3398000000000000000000,4588000000000000000000
529,20220620,3066667000000000000000,3000000000000000000000,3200000000000000000000
530,20220621,4289333000000000000000,3480000000000000000000,4700000000000000000000
531,20220622,4752200000000000000000,3480000000000000000000,7485000000000000000000
532,20220623,4888000000000000000000,4888000000000000000000,4888000000000000000000
533,20220624,3500000000000000000000,3500000000000000000000,3500000000000000000000
534,20220625,4919500000000000000000,3439000000000000000000,6400000000000000000000
535,20220626,6700000000000000000000,6700000000000000000000,6700000000000000000000
536,20220628,3494250000000000000000,3440000000000000000000,3599000000000000000000
537,20220629,4709500000000000000000,4419000000000000000000,5000000000000000000000
538,20220630,4112500000000000000000,3200000000000000000000,5400000000000000000000
539,20220701,7592000000000000000000,11500000000000000000000,5877000000000000000000
540,20220702,3498000000000000000000,3498000000000000000000,3498000000000000000000
541,20220703,4648500000000000000000,3797000000000000000000,5500000000000000000000
542,20220704,3364000000000000000000,3250000000000000000000,3429000000000000000000
543,20220706,3541625000000000000000,3099000000000000000000,5499000000000000000000
544,20220707,4327000000000000000000,3166000000000000000000,5488000000000000000000
545,20220708,4429000000000000000000,3399000000000000000000,5888000000000000000000
546,20220709,3047000000000000000000,2995000000000000000000,3099000000000000000000
547,20220710,10930000000000000000000,18950000000000000000000,9900000000000000000000
548,20220711,4461600000000000000000,2900000000000000000000,6888000000000000000000
549,20220712,4796000000000000000000,2998000000000000000000,7890000000000000000000
550,20220713,4566750000000000000000,2998000000000000000000,5999000000000000000000
551,20220714,4557167000000000000000,2999000000000000000000,6888000000000000000000
552,20220715,5856833000000000000000,2997000000000000000000,7000000000000000000000
553,20220716,4120000000000000000000,4120000000000000000000,4120000000000000000000
554,20220717,3502667000000000000000,3049000000000000000000,3959000000000000000000
555,20220718,4401250000000000000000,3960000000000000000000,5000000000000000000000
556,20220719,4548500000000000000000,3098000000000000000000,5999000000000000000000
557,20220720,3132333000000000000000,2900000000000000000000,3399000000000000000000
558,20220722,3200000000000000000000,3200000000000000000000,3200000000000000000000
559,20220723,4093500000000000000000,3888000000000000000000,4299000000000000000000
560,20220724,6326667000000000000000,12000000000000000000000,3490000000000000000000
561,20220725,6999000000000000000000,6999000000000000000000,6999000000000000000000
562,20220726,4583333000000000000000,3500000000000000000000,6250000000000000000000
563,20220727,5064000000000000000000,4567000000000000000000,5800000000000000000000
564,20220728,6950000000000000000000,6950000000000000000000,6950000000000000000000
565,20220729,8934667000000000000000,12995000000000000000000,9850000000000000000000
566,20220730,4949667000000000000000,4169000000000000000000,5800000000000000000000
567,20220731,3500000000000000000000,3500000000000000000000,3500000000000000000000
568,20220802,3924000000000000000000,3179000000000000000000,4669000000000000000000
569,20220803,4200000000000000000000,4200000000000000000000,4200000000000000000000
570,20220804,3606333000000000000000,3180000000000000000000,4399000000000000000000
571,20220805,3707500000000000000000,3420000000000000000000,3995000000000000000000
572,20220806,4810000000000000000000,3120000000000000000000,6500000000000000000000
573,20220807,6008333000000000000000,5500000000000000000000,6700000000000000000000
574,20220808,4694000000000000000000,3500000000000000000000,5888000000000000000000
575,20220809,5874750000000000000000,10900000000000000000000,4749000000000000000000
576,20220810,5307400000000000000000,3888000000000000000000,6399000000000000000000
577,20220811,9158500000000000000000,15250000000000000000000,3067000000000000000000
578,20220812,4886667000000000000000,3700000000000000000000,5670000000000000000000
579,20220813,3402400000000000000000,3099000000000000000000,4500000000000000000000
580,20220814,2975000000000000000000,2975000000000000000000,2975000000000000000000
581,20220815,2975000000000000000000,2975000000000000000000,2975000000000000000000
582,20220817,6150000000000000000000,4500000000000000000000,7800000000000000000000
583,20220818,4466333000000000000000,3099000000000000000000,5400000000000000000000
584,20220819,3114286000000000000000,2900000000000000000000,3500000000000000000000
585,20220821,5727000000000000000000,3788000000000000000000,6900000000000000000000
586,20220823,3045000000000000000000,3000000000000000000000,3069000000000000000000
587,20220824,3403333000000000000000,3000000000000000000000,3988000000000000000000
588,20220825,3280500000000000000000,3111000000000000000000,3450000000000000000000
589,20220826,3853333000000000000000,3460000000000000000000,4600000000000000000000
590,20220827,3502500000000000000000,3028000000000000000000,3977000000000000000000
591,20220828,4499000000000000000000,4499000000000000000000,4499000000000000000000
592,20220829,6310000000000000000000,16250000000000000000000,4300000000000000000000
593,20220830,3988000000000000000000,3988000000000000000000,3988000000000000000000
594,20220831,4503750000000000000000,3350000000000000000000,6895000000000000000000
595,20220901,5037500000000000000000,4420000000000000000000,6230000000000000000000
596,20220902,4668000000000000000000,4386000000000000000000,4950000000000000000000
597,20220905,4475000000000000000000,4000000000000000000000,4950000000000000000000
598,20220907,4368000000000000000000,3450000000000000000000,4887000000000000000000
599,20220909,4343500000000000000000,3777000000000000000000,4910000000000000000000
600,20220910,4000000000000000000000,4000000000000000000000,4000000000000000000000
601,20220912,4985000000000000000000,4985000000000000000000,4985000000000000000000
602,20220913,3390000000000000000000,3390000000000000000000,3390000000000000000000
603,20220914,5000000000000000000000,5000000000000000000000,5000000000000000000000
604,20220916,3785000000000000000000,3785000000000000000000,3785000000000000000000
605,20220917,3574500000000000000000,3480000000000000000000,3669000000000000000000
606,20220918,4194000000000000000000,3500000000000000000000,4888000000000000000000
607,20220919,3970000000000000000000,3190000000000000000000,4750000000000000000000
608,20220920,3275000000000000000000,3250000000000000000000,3300000000000000000000
609,20220921,4376667000000000000000,3000000000000000000000,6700000000000000000000
610,20220923,4399000000000000000000,4399000000000000000000,4399000000000000000000
611,20220924,4300000000000000000000,4300000000000000000000,4300000000000000000000
612,20220925,6000000000000000000000,6000000000000000000000,6000000000000000000000
613,20220926,4000000000000000000000,4000000000000000000000,4000000000000000000000
614,20220927,5458667000000000000000,3000000000000000000000,7888000000000000000000
615,20220928,5634000000000000000000,3469000000000000000000,7799000000000000000000
616,20220929,3250000000000000000000,3200000000000000000000,3300000000000000000000
617,20220930,3661200000000000000000,3400000000000000000000,4350000000000000000000
618,20221001,4917500000000000000000,3850000000000000000000,5985000000000000000000
619,20221003,3439000000000000000000,3439000000000000000000,3439000000000000000000
620,20221004,4216667000000000000000,3450000000000000000000,4750000000000000000000
621,20221005,4320000000000000000000,4320000000000000000000,4320000000000000000000
622,20221006,3290000000000000000000,3290000000000000000000,3290000000000000000000
623,20221007,3729500000000000000000,3459000000000000000000,4000000000000000000000
624,20221008,4250000000000000000000,4250000000000000000000,4250000000000000000000
625,20221009,5888000000000000000000,5888000000000000000000,5888000000000000000000
626,20221010,6875000000000000000000,4750000000000000000000,9000000000000000000000
627,20221012,5117500000000000000000,3750000000000000000000,6485000000000000000000
628,20221013,3644000000000000000000,3644000000000000000000,3644000000000000000000
629,20221014,4464000000000000000000,3520000000000000000000,5800000000000000000000
630,20221015,3329000000000000000000,3329000000000000000000,3329000000000000000000
631,20221016,5888000000000000000000,5888000000000000000000,5888000000000000000000
632,20221019,2000000000000000000000,2000000000000000000000,2000000000000000000000
633,20221020,4358333000000000000000,3525000000000000000000,5500000000000000000000
634,20221021,5087500000000000000000,3925000000000000000000,6250000000000000000000
635,20221022,4600000000000000000000,3950000000000000000000,5250000000000000000000
636,20221024,5191000000000000000000,3600000000000000000000,6388000000000000000000
637,20221025,5199500000000000000000,4399000000000000000000,6000000000000000000000
638,20221026,4349500000000000000000,3899000000000000000000,4800000000000000000000
639,20221028,4400000000000000000000,4250000000000000000000,4500000000000000000000
640,20221029,3997000000000000000000,3997000000000000000000,3997000000000000000000
641,20221030,4248000000000000000000,4248000000000000000000,4248000000000000000000
642,20221101,10078500000000000000000,15888000000000000000000,4269000000000000000000
643,20221102,4942500000000000000000,3997000000000000000000,5888000000000000000000
644,20221103,6400000000000000000000,6400000000000000000000,6400000000000000000000
645,20221105,3679750000000000000000,3470000000000000000000,4250000000000000000000
646,20221106,7691500000000000000000,13888000000000000000000,8888000000000000000000
647,20221107,6779500000000000000000,11999000000000000000000,6725000000000000000000
648,20221108,6423600000000000000000,12420000000000000000000,5980000000000000000000
649,20221109,4056429000000000000000,3500000000000000000000,4999000000000000000000
650,20221110,4084333000000000000000,3600000000000000000000,4999000000000000000000
651,20221111,5100000000000000000000,4200000000000000000000,6000000000000000000000
652,20221112,3925000000000000000000,3925000000000000000000,3925000000000000000000
653,20221113,4213750000000000000000,3780000000000000000000,4850000000000000000000
654,20221114,7332500000000000000000,13579000000000000000000,5888000000000000000000
655,20221115,5286500000000000000000,3939000000000000000000,8888000000000000000000
656,20221116,4694400000000000000000,3925000000000000000000,5685000000000000000000
657,20221117,8455000000000000000000,15000000000000000000000,6366000000000000000000
658,20221118,4550000000000000000000,4100000000000000000000,5000000000000000000000
659,20221119,4193500000000000000000,3899000000000000000000,4488000000000000000000
660,20221121,4654900000000000000000,3950000000000000000000,5988000000000000000000
661,20221122,4995667000000000000000,4000000000000000000000,6888000000000000000000
662,20221123,4969000000000000000000,4969000000000000000000,4969000000000000000000
663,20221124,4000000000000000000000,4000000000000000000000,4000000000000000000000
664,20221126,6260000000000000000000,4875000000000000000000,9777000000000000000000
665,20221128,4650000000000000000000,4650000000000000000000,4650000000000000000000
666,20221129,4222000000000000000000,4222000000000000000000,4222000000000000000000
667,20221130,7731667000000000000000,6888000000000000000000,8887000000000000000000
668,20221203,4568750000000000000000,4300000000000000000000,4999000000000000000000
669,20221204,3950000000000000000000,3950000000000000000000,3950000000000000000000
670,20221205,5588000000000000000000,5399000000000000000000,5777000000000000000000
671,20221206,6194000000000000000000,4888000000000000000000,7500000000000000000000
672,20221207,10835667000000000000000,19820000000000000000000,8788000000000000000000
673,20221208,5588000000000000000000,5588000000000000000000,5588000000000000000000
674,20221209,4783333000000000000000,4650000000000000000000,4850000000000000000000
675,20221210,6728500000000000000000,6488000000000000000000,6969000000000000000000
676,20221211,6450000000000000000000,6450000000000000000000,6450000000000000000000
677,20221212,4497200000000000000000,3899000000000000000000,5688000000000000000000
678,20221214,4338000000000000000000,3999000000000000000000,4677000000000000000000
679,20221216,4432500000000000000000,4280000000000000000000,4585000000000000000000
680,20221217,4999000000000000000000,4999000000000000000000,4999000000000000000000
681,20221218,4855000000000000000000,4500000000000000000000,5900000000000000000000
682,20221219,14000000000000000000000,14000000000000000000000,14000000000000000000000
683,20221221,5119000000000000000000,4150000000000000000000,6088000000000000000000
684,20221222,3998500000000000000000,3998000000000000000000,3999000000000000000000
685,20221224,4416333000000000000000,3999000000000000000000,4750000000000000000000
686,20221225,6800000000000000000000,6800000000000000000000,6800000000000000000000
687,20221226,6400000000000000000000,10200000000000000000000,4950000000000000000000
688,20221227,4254000000000000000000,4088000000000000000000,4420000000000000000000
689,20221228,6217500000000000000000,5450000000000000000000,6985000000000000000000
690,20221229,7092167000000000000000,12500000000000000000000,6170000000000000000000
691,20221230,10282667000000000000000,12000000000000000000000,8888000000000000000000
692,20221231,4988000000000000000000,4988000000000000000000,4988000000000000000000
693,20230101,5400000000000000000000,5400000000000000000000,5400000000000000000000
694,20230102,7749500000000000000000,7500000000000000000000,7999000000000000000000
695,20230104,11950000000000000000000,24900000000000000000000,5950000000000000000000
696,20230105,5950000000000000000000,5950000000000000000000,5950000000000000000000
697,20230106,6209500000000000000000,5299000000000000000000,7250000000000000000000
698,20230107,4500000000000000000000,4500000000000000000000,4500000000000000000000
699,20230108,6787500000000000000000,5685000000000000000000,7890000000000000000000
700,20230109,4899000000000000000000,4899000000000000000000,4899000000000000000000
701,20230110,11055000000000000000000,12222000000000000000000,9888000000000000000000
702,20230111,5450000000000000000000,5450000000000000000000,5450000000000000000000
703,20230112,7500000000000000000000,10000000000000000000000,5000000000000000000000
704,20230114,6999000000000000000000,6999000000000000000000,6999000000000000000000
705,20230115,4759500000000000000000,4750000000000000000000,4769000000000000000000
706,20230116,3625000000000000000000,3500000000000000000000,3750000000000000000000
707,20230117,5474333000000000000000,3750000000000000000000,6888000000000000000000
708,20230118,3599000000000000000000,3599000000000000000000,3599000000000000000000
709,20230120,3420000000000000000000,3420000000000000000000,3420000000000000000000
710,20230121,3614000000000000000000,3499000000000000000000,3729000000000000000000
711,20230122,3949000000000000000000,3399000000000000000000,4499000000000000000000
712,20230123,3584500000000000000000,2600000000000000000000,4569000000000000000000
713,20230124,5343500000000000000000,4199000000000000000000,6488000000000000000000
714,20230127,5029333000000000000000,4690000000000000000000,5399000000000000000000
715,20230128,3944333000000000000000,3485000000000000000000,4500000000000000000000
716,20230129,3224200000000000000000,2888000000000000000000,3750000000000000000000
717,20230130,5413000000000000000000,14420000000000000000000,3385000000000000000000
718,20230203,2609400000000000000000,2499000000000000000000,2800000000000000000000
719,20230205,4400000000000000000000,4400000000000000000000,4400000000000000000000
720,20230206,3225000000000000000000,2650000000000000000000,3750000000000000000000
721,20230208,2850000000000000000000,2850000000000000000000,2850000000000000000000
722,20230209,3999000000000000000000,3999000000000000000000,3999000000000000000000
723,20230210,2500000000000000000000,2500000000000000000000,2500000000000000000000
724,20230211,2500000000000000000000,2500000000000000000000,2500000000000000000000
725,20230214,2794000000000000000000,2700000000000000000000,2888000000000000000000
726,20230216,2945667000000000000000,2599000000000000000000,3250000000000000000000
727,20230217,5073000000000000000000,12420000000000000000000,3995000000000000000000
728,20230219,2950000000000000000000,2950000000000000000000,2950000000000000000000
729,20230220,3012500000000000000000,2725000000000000000000,3300000000000000000000
730,20230222,4690000000000000000000,4690000000000000000000,4690000000000000000000
731,20230223,2473750000000000000000,2298000000000000000000,3000000000000000000000
732,20230226,4294000000000000000000,2700000000000000000000,5888000000000000000000
733,20230227,3587143000000000000000,2500000000000000000000,4985000000000000000000
734,20230228,3985000000000000000000,3985000000000000000000,3985000000000000000000
735,20230301,5723800000000000000000,18000000000000000000000,2785000000000000000000
736,20230303,3876667000000000000000,2500000000000000000000,6430000000000000000000
737,20230304,3600000000000000000000,2700000000000000000000,4500000000000000000000
738,20230305,3225000000000000000000,2500000000000000000000,4325000000000000000000
739,20230307,2612500000000000000000,2400000000000000000000,2800000000000000000000
740,20230309,2762333000000000000000,2399000000000000000000,4499000000000000000000
741,20230310,3102800000000000000000,2490000000000000000000,3874000000000000000000
742,20230311,2524500000000000000000,2499000000000000000000,2550000000000000000000
743,20230312,2507500000000000000000,2475000000000000000000,2550000000000000000000
744,20230313,2485000000000000000000,2480000000000000000000,2490000000000000000000
745,20230314,3500000000000000000000,3500000000000000000000,3500000000000000000000
746,20230315,2944000000000000000000,2888000000000000000000,3000000000000000000000
747,20230317,2985000000000000000000,2985000000000000000000,2985000000000000000000
748,20230321,2737500000000000000000,2480000000000000000000,3050000000000000000000
749,20230322,4274500000000000000000,2550000000000000000000,5999000000000000000000
750,20230323,4949000000000000000000,4949000000000000000000,4949000000000000000000
751,20230324,2567000000000000000000,2567000000000000000000,2567000000000000000000
752,20230325,3599000000000000000000,3599000000000000000000,3599000000000000000000
753,20230327,3585000000000000000000,3585000000000000000000,3585000000000000000000
754,20230328,2485000000000000000000,2485000000000000000000,2485000000000000000000
755,20230330,3075000000000000000000,2750000000000000000000,3400000000000000000000
756,20230403,2300000000000000000000,2300000000000000000000,2300000000000000000000
757,20230406,4185000000000000000000,4185000000000000000000,4185000000000000000000
758,20230408,1998500000000000000000,1998000000000000000000,1999000000000000000000
759,20230411,3972250000000000000000,3120000000000000000000,4985000000000000000000
760,20230412,5850000000000000000000,5850000000000000000000,5850000000000000000000
761,20230414,3868000000000000000000,3868000000000000000000,3868000000000000000000
762,20230415,6688000000000000000000,6688000000000000000000,6688000000000000000000
763,20230416,2749500000000000000000,1999000000000000000000,3500000000000000000000
764,20230418,3500000000000000000000,3500000000000000000000,3500000000000000000000
765,20230419,3003333000000000000000,2150000000000000000000,3985000000000000000000
766,20230424,2322500000000000000000,1900000000000000000000,2745000000000000000000
767,20230425,2185000000000000000000,2185000000000000000000,2185000000000000000000
768,20230428,1985000000000000000000,1985000000000000000000,1985000000000000000000
769,20230430,2828000000000000000000,2828000000000000000000,2828000000000000000000
770,20230501,3331000000000000000000,2088000000000000000000,3900000000000000000000
771,20230505,3069600000000000000000,1999000000000000000000,4000000000000000000000
772,20230506,2874500000000000000000,2450000000000000000000,3299000000000000000000
773,20230507,3312500000000000000000,2875000000000000000000,3750000000000000000000
774,20230509,4749500000000000000000,2999000000000000000000,6500000000000000000000
775,20230510,4138000000000000000000,3888000000000000000000,4388000000000000000000
776,20230511,2165667000000000000000,2100000000000000000000,2199000000000000000000
777,20230512,3146750000000000000000,2000000000000000000000,4888000000000000000000
778,20230513,2350000000000000000000,2200000000000000000000,2500000000000000000000
779,20230514,2969000000000000000000,2969000000000000000000,2969000000000000000000
780,20230515,3434000000000000000000,3434000000000000000000,3434000000000000000000
781,20230517,2795000000000000000000,2795000000000000000000,2795000000000000000000
782,20230521,2450000000000000000000,2450000000000000000000,2450000000000000000000
783,20230523,3980000000000000000000,3980000000000000000000,3980000000000000000000
784,20230524,2399000000000000000000,2399000000000000000000,2399000000000000000000
785,20230525,2875000000000000000000,2875000000000000000000,2875000000000000000000
786,20230526,2785000000000000000000,2785000000000000000000,2785000000000000000000
787,20230527,6250000000000000000000,10000000000000000000000,2500000000000000000000
788,20230528,7888000000000000000000,7888000000000000000000,7888000000000000000000
789,20230529,3049500000000000000000,1900000000000000000000,4199000000000000000000
790,20230530,2300000000000000000000,2300000000000000000000,2300000000000000000000
791,20230531,2700000000000000000000,2700000000000000000000,2700000000000000000000
792,20230601,2199000000000000000000,2199000000000000000000,2199000000000000000000
793,20230602,2499000000000000000000,2499000000000000000000,2499000000000000000000
794,20230605,5950000000000000000000,5950000000000000000000,5950000000000000000000
795,20230606,3400000000000000000000,3400000000000000000000,3400000000000000000000
796,20230609,3241000000000000000000,3232000000000000000000,3250000000000000000000
797,20230610,3194250000000000000000,2499000000000000000000,4400000000000000000000
798,20230611,5336500000000000000000,3000000000000000000000,7420000000000000000000
799,20230612,3297500000000000000000,2845000000000000000000,3750000000000000000000
800,20230614,2549500000000000000000,2399000000000000000000,2700000000000000000000
801,20230615,2274000000000000000000,2249000000000000000000,2299000000000000000000
802,20230617,5397500000000000000000,3745000000000000000000,7000000000000000000000
803,20230618,3888000000000000000000,3888000000000000000000,3888000000000000000000
804,20230620,3104750000000000000000,2288000000000000000000,3998000000000000000000
805,20230621,3048750000000000000000,2845000000000000000000,3450000000000000000000
806,20230622,2448600000000000000000,2200000000000000000000,3045000000000000000000
807,20230623,2399000000000000000000,2399000000000000000000,2399000000000000000000
808,20230624,2849500000000000000000,2800000000000000000000,2899000000000000000000
809,20230625,2299000000000000000000,2299000000000000000000,2299000000000000000000
810,20230628,2999000000000000000000,2999000000000000000000,2999000000000000000000
811,20230629,4544667000000000000000,4096000000000000000000,4788000000000000000000
812,20230701,2293500000000000000000,2287000000000000000000,2300000000000000000000
813,20230702,2349000000000000000000,2349000000000000000000,2349000000000000000000
814,20230703,3500000000000000000000,3500000000000000000000,3500000000000000000000
815,20230704,2650000000000000000000,2450000000000000000000,2850000000000000000000
816,20230707,2699000000000000000000,2699000000000000000000,2699000000000000000000
817,20230708,6388167000000000000000,3245000000000000000000,9899000000000000000000
818,20230709,2800000000000000000000,2800000000000000000000,2800000000000000000000
819,20230713,2845000000000000000000,2845000000000000000000,2845000000000000000000
820,20230714,3197500000000000000000,2850000000000000000000,3545000000000000000000
821,20230716,2699500000000000000000,2500000000000000000000,2899000000000000000000
822,20230718,2293500000000000000000,2288000000000000000000,2299000000000000000000
823,20230719,3000000000000000000000,3000000000000000000000,3000000000000000000000
824,20230720,2410000000000000000000,2410000000000000000000,2410000000000000000000
825,20230723,2448000000000000000000,2448000000000000000000,2448000000000000000000
826,20230725,1999000000000000000000,1999000000000000000000,1999000000000000000000
827,20230726,6274750000000000000000,19000000000000000000000,2100000000000000000000
828,20230727,2049500000000000000000,1999000000000000000000,2100000000000000000000
829,20230728,1973750000000000000000,1948000000000000000000,1999000000000000000000
830,20230731,2650000000000000000000,2650000000000000000000,2650000000000000000000
831,20230801,1998667000000000000000,1997000000000000000000,2000000000000000000000
832,20230803,4388000000000000000000,4388000000000000000000,4388000000000000000000
833,20230806,2000000000000000000000,2000000000000000000000,2000000000000000000000
834,20230811,2110000000000000000000,2110000000000000000000,2110000000000000000000
835,20230813,3399000000000000000000,3399000000000000000000,3399000000000000000000
836,20230814,2488000000000000000000,2488000000000000000000,2488000000000000000000
837,20230815,1998500000000000000000,1997000000000000000000,2000000000000000000000
838,20230818,3399000000000000000000,3399000000000000000000,3399000000000000000000
839,20230819,2233000000000000000000,2233000000000000000000,2233000000000000000000
840,20230820,2349500000000000000000,2099000000000000000000,2600000000000000000000
841,20230821,2100000000000000000000,2100000000000000000000,2100000000000000000000
842,20230824,3699000000000000000000,3699000000000000000000,3699000000000000000000
843,20230825,3425000000000000000000,3425000000000000000000,3425000000000000000000
844,20230826,2235000000000000000000,2235000000000000000000,2235000000000000000000
845,20230827,2216667000000000000000,2200000000000000000000,2250000000000000000000
846,20230828,2300000000000000000000,2300000000000000000000,2300000000000000000000
847,20230830,2588000000000000000000,2588000000000000000000,2588000000000000000000
848,20230904,7838000000000000000000,6888000000000000000000,8788000000000000000000
849,20230905,2586667000000000000000,2222000000000000000000,2888000000000000000000
850,20230906,2680000000000000000000,2650000000000000000000,2710000000000000000000
851,20230908,3900000000000000000000,3900000000000000000000,3900000000000000000000
852,20230911,3233000000000000000000,2200000000000000000000,4099000000000000000000
853,20230912,2699000000000000000000,2699000000000000000000,2699000000000000000000
854,20230914,2100000000000000000000,2100000000000000000000,2100000000000000000000
855,20230915,2300000000000000000000,2300000000000000000000,2300000000000000000000
856,20230917,2545000000000000000000,2500000000000000000000,2590000000000000000000
857,20230920,2838333000000000000000,2200000000000000000000,3725000000000000000000
858,20230921,2200000000000000000000,2200000000000000000000,2200000000000000000000
859,20230922,2850000000000000000000,2850000000000000000000,2850000000000000000000
860,20230923,3240000000000000000000,3240000000000000000000,3240000000000000000000
861,20230924,2100000000000000000000,2100000000000000000000,2100000000000000000000
862,20230926,3489250000000000000000,2800000000000000000000,4469000000000000000000
863,20230928,3500000000000000000000,3500000000000000000000,3500000000000000000000
864,20230929,3960000000000000000000,2100000000000000000000,5820000000000000000000
865,20231002,2988000000000000000000,2088000000000000000000,3888000000000000000000
866,20231003,2100000000000000000000,2100000000000000000000,2100000000000000000000
867,20231004,2499000000000000000000,2499000000000000000000,2499000000000000000000
868,20231006,2410000000000000000000,2410000000000000000000,2410000000000000000000
869,20231010,2450000000000000000000,2100000000000000000000,3500000000000000000000
870,20231012,3888000000000000000000,3888000000000000000000,3888000000000000000000
871,20231015,2223000000000000000000,2069000000000000000000,2300000000000000000000
872,20231017,2462500000000000000000,2300000000000000000000,2625000000000000000000
873,20231018,3299500000000000000000,2200000000000000000000,4399000000000000000000
874,20231022,2643500000000000000000,2399000000000000000000,2888000000000000000000
875,20231023,2633000000000000000000,2400000000000000000000,2999000000000000000000
876,20231024,2200000000000000000000,2200000000000000000000,2200000000000000000000
877,20231027,3100000000000000000000,3100000000000000000000,3100000000000000000000
878,20231029,2700000000000000000000,2700000000000000000000,2700000000000000000000
879,20231030,3912500000000000000000,2180000000000000000000,5645000000000000000000
880,20231101,8410000000000000000000,8410000000000000000000,8410000000000000000000
881,20231104,1885000000000000000000,1790000000000000000000,700000000000000000000
882,20231105,4749500000000000000000,10000000000000000000000,5999000000000000000000
883,20231107,3134500000000000000000,1769000000000000000000,4500000000000000000000
884,20231108,1100000000000000000000,1000000000000000000000,1200000000000000000000
885,20231109,1649000000000000000000,1649000000000000000000,1649000000000000000000
886,20231110,1683500000000000000000,1600000000000000000000,1767000000000000000000
887,20231114,1731000000000000000000,1548000000000000000000,2000000000000000000000
888,20231115,2728667000000000000000,1649000000000000000000,4888000000000000000000
889,20231119,2874000000000000000000,2000000000000000000000,3748000000000000000000
890,20231121,1900000000000000000000,1900000000000000000000,1900000000000000000000
891,20231122,1638000000000000000000,1638000000000000000000,1638000000000000000000
892,20231124,1640000000000000000000,1640000000000000000000,1640000000000000000000
893,20231125,2500000000000000000000,2500000000000000000000,2500000000000000000000
894,20231126,3750000000000000000000,3750000000000000000000,3750000000000000000000
895,20231128,1600000000000000000000,1600000000000000000000,1600000000000000000000
896,20231130,3455000000000000000000,2000000000000000000000,4910000000000000000000
897,20231201,2420000000000000000000,2420000000000000000000,2420000000000000000000
898,20231202,1734000000000000000000,1640000000000000000000,2000000000000000000000
899,20231203,2765667000000000000000,1649000000000000000000,3748000000000000000000
900,20231204,1730000000000000000000,1730000000000000000000,1730000000000000000000
901,20231205,1720000000000000000000,1720000000000000000000,1720000000000000000000
902,20231206,2374000000000000000000,2000000000000000000000,2748000000000000000000
903,20231210,2899000000000000000000,2899000000000000000000,2899000000000000000000
904,20231211,1639000000000000000000,1639000000000000000000,1639000000000000000000
905,20231212,1638000000000000000000,1638000000000000000000,1638000000000000000000
906,20231213,1840000000000000000000,1840000000000000000000,1840000000000000000000
907,20231214,1969000000000000000000,1969000000000000000000,1969000000000000000000
908,20231218,2554500000000000000000,2110000000000000000000,2999000000000000000000
909,20231219,1900000000000000000000,1900000000000000000000,1900000000000000000000
910,20231222,1600000000000000000000,1600000000000000000000,1600000000000000000000
911,20231223,1500000000000000000000,1500000000000000000000,1500000000000000000000
912,20231226,1540000000000000000000,1540000000000000000000,1540000000000000000000
913,20231227,2800000000000000000000,2800000000000000000000,2800000000000000000000
914,20231228,1799333000000000000000,1700000000000000000000,1998000000000000000000
915,20231229,1900000000000000000000,1900000000000000000000,1900000000000000000000
916,20231230,2000000000000000000000,2000000000000000000000,2000000000000000000000
917,20240101,2192000000000000000000,1900000000000000000000,2484000000000000000000
918,20240102,1900000000000000000000,1900000000000000000000,1900000000000000000000
919,20240103,1900000000000000000000,1900000000000000000000,1900000000000000000000
920,20240105,2485000000000000000000,2485000000000000000000,2485000000000000000000
921,20240106,3240000000000000000000,3240000000000000000000,3240000000000000000000
922,20240107,1800000000000000000000,1800000000000000000000,1800000000000000000000
923,20240108,1938000000000000000000,1876000000000000000000,2000000000000000000000
924,20240110,2499000000000000000000,2499000000000000000000,2499000000000000000000
925,20240111,2910000000000000000000,2910000000000000000000,2910000000000000000000
926,20240112,2899500000000000000000,2499000000000000000000,3300000000000000000000
927,20240114,2450000000000000000000,1900000000000000000000,3000000000000000000000
928,20240115,1800000000000000000000,1800000000000000000000,1800000000000000000000
929,20240121,1600000000000000000000,1600000000000000000000,1600000000000000000000
930,20240122,1700000000000000000000,1700000000000000000000,1700000000000000000000
931,20240124,1980000000000000000000,1980000000000000000000,1980000000000000000000
932,20240127,1790000000000000000000,1790000000000000000000,1790000000000000000000
933,20240129,2900000000000000000000,1900000000000000000000,3900000000000000000000
934,20240202,1817000000000000000000,1394000000000000000000,2240000000000000000000
935,20240203,1490000000000000000000,1490000000000000000000,1490000000000000000000
936,20240205,6900000000000000000000,6900000000000000000000,6900000000000000000000
937,20240206,1899500000000000000000,1299000000000000000000,2500000000000000000000
938,20240209,1790000000000000000000,1790000000000000000000,1790000000000000000000
939,20240210,1916667000000000000000,1250000000000000000000,2600000000000000000000
940,20240213,2340000000000000000000,1270000000000000000000,3410000000000000000000
941,20240214,1999000000000000000000,1999000000000000000000,1999000000000000000000
942,20240215,2500000000000000000000,2500000000000000000000,2500000000000000000000
943,20240222,5100000000000000000000,1200000000000000000000,9000000000000000000000
944,20240225,2500000000000000000000,2500000000000000000000,2500000000000000000000
945,20240226,1194000000000000000000,1194000000000000000000,1194000000000000000000
946,20240227,1207000000000000000000,1174000000000000000000,1240000000000000000000
947,20240229,1144000000000000000000,1144000000000000000000,1144000000000000000000
948,20240303,950000000000000000000,950000000000000000000,950000000000000000000
949,20240304,1143000000000000000000,1143000000000000000000,1143000000000000000000
950,20240305,1143000000000000000000,1143000000000000000000,1143000000000000000000
951,20240308,1550000000000000000000,1000000000000000000000,2100000000000000000000
952,20240311,1000000000000000000000,1000000000000000000000,1000000000000000000000
953,20240313,2400000000000000000000,2400000000000000000000,2400000000000000000000
954,20240314,3444000000000000000000,3000000000000000000000,3888000000000000000000
955,20240315,1295000000000000000000,1295000000000000000000,1295000000000000000000
956,20240317,1210000000000000000000,1210000000000000000000,1210000000000000000000
957,20240318,1500000000000000000000,1500000000000000000000,1500000000000000000000
958,20240320,1605000000000000000000,1400000000000000000000,1810000000000000000000
959,20240321,1130000000000000000000,1050000000000000000000,1210000000000000000000
960,20240324,1000000000000000000000,1000000000000000000000,1000000000000000000000
961,20240326,1610000000000000000000,1240000000000000000000,1980000000000000000000
962,20240331,1000000000000000000000,1000000000000000000000,1000000000000000000000
963,20240407,2400000000000000000000,2400000000000000000000,2400000000000000000000
